
use payrollmgmt
go

--1.Employee: --- select * from dbo.Employee
INSERT INTO dbo.Employee (First_Name, Last_Name, Gender, DateOfBirth, Age, Address, Email, PhoneNo, JoiningDate, IsActive)
VALUES
('John', 'Doe', 'Male', '1990-05-15', 31, '123 Main St, Cityville', 'john.doe@gmail.com', '123-456-7890', '2010-01-15', 1),
('Jane', 'Smith', 'Female', '1985-08-20', 36, '456 Elm St, Townsville', 'jane.smith@gmail.com', '987-654-3210', '2015-03-20', 1),
('Michael', 'Johnson', 'Male', '1982-11-10', 39, '789 Oak St, Villageton', 'michael.johnson@gmail.com', '456-789-1230', '2005-08-10', 1),
('Emily', 'Brown', 'Female', '1995-03-25', 27, '321 Pine St, Hamletville', 'emily.brown@gmail.com', '789-012-3456', '2019-06-05', 1),
('Emma', 'Johnson', 'Female', '1988-09-12', 33, '567 Maple St, Villageton', 'emma.johnson@gmail.com', '234-567-8901', '2012-04-18', 1),
('William', 'Anderson', 'Male', '1992-07-30', 29, '890 Cedar St, Hamletville', 'william.anderson@gmail.com', '345-678-9012', '2014-10-22', 1),
('Olivia', 'Martinez', 'Female', '1996-12-05', 25, '678 Birch St, Townsville', 'olivia.martinez@gmail.com', '456-789-0123', '2018-02-15', 1),
('James', 'Taylor', 'Male', '1984-04-18', 37, '345 Oak St, Cityville', 'james.taylor@gmail.com', '567-890-1234', '2009-08-30', 1),
('Sophia', 'Hernandez', 'Female', '1991-11-25', 30, '456 Elm St, Villageton', 'sophia.hernandez@gmail.com', '678-901-2345', '2013-06-10', 1),
('Alexander', 'Garcia', 'Male', '1989-03-08', 33, '789 Pine St, Hamletville', 'alexander.garcia@gmail.com', '789-012-1456', '2011-01-25', 1),
--11-20
('Mia', 'Wilson', 'Female', '1994-06-20', 27, '890 Oak St, Cityville', 'mia.wilson@gmail.com', '890-123-4567', '2017-09-05', 1),
('Benjamin', 'Lopez', 'Male', '1987-08-15', 34, '123 Cedar St, Townsville', 'benjamin.lopez@gmail.com', '901-234-5678', '2010-05-12', 1),
('Charlotte', 'King', 'Female', '1993-10-28', 28, '234 Maple St, Villageton', 'charlotte.king@gmail.com', '012-345-6789', '2016-03-20', 1),
('Daniel', 'Young', 'Male', '1986-01-14', 36, '567 Birch St, Cityville', 'daniel.young@gmail.com', '123-456-7890', '2009-12-08', 1),
('Ethan', 'Scott', 'Male', '1990-12-03', 31, '123 Elm St, Hamletville', 'ethan.scott@gmail.com', '234-567-8901', '2015-07-12', 1),
('Ava', 'Perez', 'Female', '1995-05-18', 26, '456 Cedar St, Cityville', 'ava.perez@gmail.com', '345-678-9012', '2019-09-20', 1),
('Noah', 'Adams', 'Male', '1988-07-21', 33, '789 Oak St, Townsville', 'noah.adams@gmail.com', '456-789-0123', '2012-02-28', 1),
('Isabella', 'Mitchell', 'Female', '1993-09-10', 28, '890 Maple St, Villageton', 'isabella.mitchell@gmail.com', '567-890-1234', '2016-04-15', 1),
('Liam', 'Roberts', 'Male', '1985-11-29', 36, '234 Pine St, Hamletville', 'liam.roberts@gmail.com', '678-901-2345', '2010-11-05', 1),
('Amelia', 'Baker', 'Female', '1991-02-17', 30, '567 Cedar St, Cityville', 'amelia.baker@gmail.com', '789-112-3456', '2013-08-10', 1),
--21-30
('Oliver', 'Rivera', 'Male', '1989-04-26', 32, '890 Birch St, Townsville', 'oliver.rivera@gmail.com', '890-123-4567', '2011-03-25', 1),
('Emma', 'Wright', 'Female', '1994-08-08', 27, '123 Oak St, Villageton', 'emma.wright@gmail.com', '901-234-5678', '2017-05-18', 1),
('Lucas', 'Adams', 'Male', '1986-06-15', 35, '456 Maple St, Cityville', 'lucas.adams@gmail.com', '012-345-6789', '2009-12-30', 1),
('Avery', 'Foster', 'Female', '1992-03-24', 29, '789 Elm St, Hamletville', 'avery.foster@gmail.com', '123-456-7890', '2014-10-05', 1),
('Harper', 'Gray', 'Female', '1993-07-08', 28, '123 Elm St, Cityville', 'harper.gray@gmail.com', '234-567-8901', '2016-12-15', 1),
('Henry', 'Cooper', 'Male', '1987-05-12', 34, '456 Cedar St, Townsville', 'henry.cooper@gmail.com', '345-678-9012', '2011-09-20', 1),
('Evelyn', 'Bailey', 'Female', '1990-10-20', 31, '789 Oak St, Hamletville', 'evelyn.bailey@gmail.com', '456-789-0123', '2015-04-28', 1),
('Jack', 'Ward', 'Male', '1985-11-15', 36, '890 Maple St, Villageton', 'jack.ward@gmail.com', '567-890-1234', '2010-03-05', 1),
('Ella', 'Sanders', 'Female', '1989-04-30', 32, '234 Pine St, Cityville', 'ella.sanders@gmail.com', '678-901-2345', '2013-11-12', 1),
('Grayson', 'Hayes', 'Male', '1992-03-25', 29, '567 Cedar St, Hamletville', 'grayson.hayes@gmail.com', '789-012-3456', '2014-07-18', 1),
--31-40
('Scarlett', 'Russell', 'Female', '1994-09-18', 27, '890 Birch St, Townsville', 'scarlett.russell@gmail.com', '890-123-4567', '2017-01-22', 1),
('Owen', 'Fisher', 'Male', '1988-02-11', 33, '123 Oak St, Villageton', 'owen.fisher@gmail.com', '901-234-5678', '2012-06-30', 1),
('Chloe', 'Murray', 'Female', '1991-08-24', 30, '456 Maple St, Cityville', 'chloe.murray@gmail.com', '012-345-6789', '2016-02-15', 1),
('Jackson', 'Jenkins', 'Male', '1986-06-05', 35, '789 Elm St, Hamletville', 'jackson.jenkins@gmail.com', '123-456-7890', '2009-10-10', 1),
('Luna', 'Ferguson', 'Female', '1993-04-15', 28, '123 Elm St, Villageton', 'luna.ferguson@gmail.com', '234-567-8901', '2016-09-10', 1),
('Mason', 'Morgan', 'Male', '1987-08-28', 34, '456 Cedar St, Cityville', 'mason.morgan@gmail.com', '345-678-9012', '2011-12-05', 1),
('Leah', 'Kennedy', 'Female', '1990-11-02', 31, '789 Oak St, Hamletville', 'leah.kennedy@gmail.com', '456-789-0123', '2015-04-18', 1),
('Eli', 'Parker', 'Male', '1985-10-10', 36, '890 Maple St, Townsville', 'eli.parker@gmail.com', '567-890-1234', '2010-02-22', 1),
('Zoe', 'Bryant', 'Female', '1989-07-20', 32, '234 Pine St, Villageton', 'zoe.bryant@gmail.com', '678-901-2345', '2013-07-15', 1),
('Nolan', 'Dean', 'Male', '1992-02-25', 29, '567 Cedar St, Cityville', 'nolan.dean@gmail.com', '789-012-3456', '2014-06-20', 1),
--41-50
('Peyton', 'Dixon', 'Female', '1994-10-18', 27, '890 Birch St, Hamletville', 'peyton.dixon@gmail.com', '890-123-4567', '2017-02-05', 1),
('Aiden', 'Holland', 'Male', '1988-03-11', 33, '123 Oak St, Townsville', 'aiden.holland@gmail.com', '901-234-5678', '2012-07-10', 1),
('Nova', 'Sharp', 'Female', '1991-09-24', 30, '456 Maple St, Villageton', 'nova.sharp@gmail.com', '012-345-6789', '2016-01-15', 1),
('Carter', 'Barrett', 'Male', '1986-07-05', 35, '789 Elm St, Cityville', 'carter.barrett@gmail.com', '123-456-7890', '2009-11-20', 1),
('Luna', 'Parker', 'Female', '1993-11-12', 28, '123 Elm St, Townsville', 'luna.parker@gmail.com', '234-567-8901', '2016-05-20', 1),
('Aria', 'Morgan', 'Female', '1995-11-02', 26, '123 Elm St, Hamletville', 'aria.morgan@gmail.com', '234-567-8901', '2019-08-15', 1),
('Eli', 'Reyes', 'Male', '1990-08-18', 31, '456 Cedar St, Cityville', 'eli.reyes@gmail.com', '345-678-9012', '2015-02-20', 1),
('Mila', 'Howard', 'Female', '1993-04-25', 28, '789 Oak St, Townsville', 'mila.howard@gmail.com', '456-789-0123', '2018-06-28', 1),
('Levi', 'Gomez', 'Male', '1988-12-10', 33, '890 Maple St, Villageton', 'levi.gomez@gmail.com', '567-890-1234', '2012-10-05', 1),
('Aurora', 'Coleman', 'Female', '1991-03-15', 30, '234 Pine St, Hamletville', 'aurora.coleman@gmail.com', '678-901-2345', '2013-12-12', 1),
--51-60
('Logan', 'Perry', 'Male', '1992-09-30', 29, '567 Cedar St, Cityville', 'logan.perry@gmail.com', '789-012-3456', '2014-05-18', 1),
('Stella', 'Diaz', 'Female', '1994-07-12', 27, '890 Birch St, Townsville', 'stella.diaz@gmail.com', '890-123-4567', '2017-11-22', 1),
('Sebastian', 'Ramos', 'Male', '1987-01-25', 34, '123 Oak St, Villageton', 'sebastian.ramos@gmail.com', '901-234-5678', '2011-04-30', 1),
('Luna', 'Evans', 'Female', '1990-05-20', 31, '456 Maple St, Cityville', 'luna.evans@gmail.com', '012-345-6789', '2016-09-15', 1),
('Mateo', 'Bell', 'Male', '1985-08-08', 36, '789 Elm St, Hamletville', 'mateo.bell@gmail.com', '123-456-7890', '2010-11-10', 1),
('Zoe', 'Richardson', 'Female', '1993-12-28', 28, '123 Elm St, Cityville', 'zoe.richardson@gmail.com', '234-567-8901', '2016-10-15', 1),
('Ezra', 'Hill', 'Male', '1989-05-04', 32, '456 Cedar St, Townsville', 'ezra.hill@gmail.com', '345-678-9012', '2011-01-20', 1),
('Hazel', 'Barnes', 'Female', '1992-10-11', 29, '789 Oak St, Hamletville', 'hazel.barnes@gmail.com', '456-789-0123', '2015-04-28', 1),
('Asher', 'Mitchell', 'Male', '1987-11-17', 34, '890 Maple St, Villageton', 'asher.mitchell@gmail.com', '567-890-1234', '2010-08-05', 1),
('Ivy', 'Simmons', 'Female', '1991-02-22', 30, '234 Pine St, Cityville', 'ivy.simmons@gmail.com', '678-901-2345', '2013-11-12', 1),
--61-70
('Theodore', 'Peters', 'Male', '1992-06-09', 29, '567 Cedar St, Hamletville', 'theodore.peters@gmail.com', '789-012-3456', '2014-02-18', 1),
('Nora', 'Ferguson', 'Female', '1994-08-14', 27, '890 Birch St, Townsville', 'nora.ferguson@gmail.com', '890-123-4567', '2017-05-22', 1),
('Leo', 'Gordon', 'Male', '1988-03-29', 33, '123 Oak St, Villageton', 'leo.gordon@gmail.com', '901-234-5678', '2012-09-30', 1),
('Mila', 'Watson', 'Female', '1991-07-26', 30, '456 Maple St, Cityville', 'mila.watson@gmail.com', '012-345-6789', '2016-03-15', 1),
('James', 'Jennings', 'Male', '1986-09-12', 35, '789 Elm St, Hamletville', 'james.jennings@gmail.com', '123-456-7890', '2010-12-10', 1),
('Sarah', 'Miller', 'Female', '1987-06-28', 34, '123 Oak St, Cityville', 'sarah.miller@gmail.com', '890-123-2345', '2016-05-18', 1),
('Daniel', 'Brown', 'Male', '1993-09-20', 28, '456 Pine St, Townsville', 'daniel.brown@gmail.com', '901-234-3456', '2015-08-12', 1),
('Ava', 'Lopez', 'Female', '1990-12-15', 31, '789 Cedar St, Villageton', 'ava.lopez@gmail.com', '012-345-4567', '2013-03-10', 1),
('Matthew', 'Martinez', 'Male', '1986-05-08', 35, '234 Maple St, Hamletville', 'matthew.martinez@gmail.com', '123-234-5678', '2010-11-28', 1),
('Isabella', 'Nguyen', 'Female', '1994-08-10', 27, '567 Elm St, Cityville', 'isabella.nguyen@gmail.com', '234-345-6789', '2018-04-15', 1),
--71-80
('Ethan', 'Chen', 'Male', '1983-11-05', 38, '890 Oak St, Townsville', 'ethan.chen@gmail.com', '345-456-7890', '2009-09-22', 1),
('Mia', 'Kim', 'Female', '1997-02-18', 24, '321 Birch St, Villageton', 'mia.kim@gmail.com', '456-567-8901', '2020-07-08', 1),
('Jacob', 'Gonzalez', 'Male', '1991-07-22', 30, '678 Cedar St, Hamletville', 'jacob.gonzalez@gmail.com', '567-678-9012', '2014-12-30', 1),
('Charlotte', 'Wang', 'Female', '1988-04-30', 33, '456 Pine St, Cityville', 'charlotte.wang@gmail.com', '678-789-0123', '2012-10-05', 1),
('Benjamin', 'Lee', 'Male', '1995-10-05', 26, '789 Elm St, Townsville', 'benjamin.lee@gmail.com', '789-890-1234', '2017-06-20', 1),
('Liam', 'Liu', 'Male', '1993-03-12', 29, '123 Maple St, Cityville', 'liam.liu@gmail.com', '890-901-2345', '2015-02-18', 1),
('Emma', 'Park', 'Female', '1989-11-17', 32, '456 Cedar St, Townsville', 'emma.park@gmail.com', '901-012-3456', '2012-07-22', 1),
('Noah', 'Wong', 'Male', '1987-02-25', 35, '789 Oak St, Villageton', 'noah.wong@gmail.com', '012-123-4567', '2010-09-10', 1),
('Olivia', 'Choi', 'Female', '1996-09-08', 25, '234 Elm St, Hamletville', 'olivia.choi@gmail.com', '123-234-5678', '2018-04-05', 1),
('William', 'Kim', 'Male', '1984-05-20', 37, '567 Pine St, Cityville', 'william.kim@gmail.com', '234-345-6789', '2009-12-12', 1),
--81-90
('Sophia', 'Nguyen', 'Female', '1990-08-15', 31, '321 Birch St, Townsville', 'sophia.nguyen@gmail.com', '345-456-5678', '2013-05-18', 1),
('James', 'Hernandez', 'Male', '1986-04-30', 35, '890 Cedar St, Villageton', 'james.hernandez@gmail.com', '456-567-6789', '2010-11-25', 1),
('Amelia', 'Wu', 'Female', '1993-07-22', 28, '678 Elm St, Hamletville', 'amelia.wu@gmail.com', '567-678-7890', '2015-12-30', 1),
('Logan', 'Zhang', 'Male', '1988-10-05', 33, '789 Pine St, Cityville', 'logan.zhang@gmail.com', '678-789-8901', '2012-06-20', 1),
('Evelyn', 'Chung', 'Female', '1995-02-18', 26, '456 Oak St, Townsville', 'evelyn.chung@gmail.com', '789-890-9012', '2017-07-08', 1),
('Mason', 'Gupta', 'Male', '1989-03-12', 33, '123 Cedar St, Cityville', 'mason.gupta@gmail.com', '890-901-2345', '2011-02-18', 1),
('Harper', 'Patel', 'Female', '1985-11-17', 36, '456 Oak St, Townsville', 'harper.patel@gmail.com', '901-012-3456', '2016-07-22', 1),
('Elijah', 'Ali', 'Male', '1982-02-25', 39, '789 Pine St, Villageton', 'elijah.ali@gmail.com', '012-123-4567', '2005-09-10', 1),
('Avery', 'Choudhury', 'Female', '1994-09-08', 27, '234 Elm St, Hamletville', 'avery.choudhury@gmail.com', '123-234-5678', '2019-04-05', 1),
('Ethan', 'Kumar', 'Male', '1988-05-20', 33, '567 Pine St, Cityville', 'ethan.kumar@gmail.com', '234-345-6789', '2014-12-12', 1),
--91-100
('Scarlett', 'Singh', 'Female', '1991-08-15', 30, '321 Birch St, Townsville', 'scarlett.singh@gmail.com', '345-456-5678', '2013-05-18', 1),
('Luke', 'Das', 'Male', '1987-04-30', 34, '890 Cedar St, Villageton', 'luke.das@gmail.com', '456-567-6789', '2010-11-25', 1),
('Aria', 'Mohammed', 'Female', '1992-07-22', 29, '678 Elm St, Hamletville', 'aria.mohammed@gmail.com', '567-678-7890', '2015-12-30', 1),
('Henry', 'Islam', 'Male', '1986-10-05', 35, '789 Pine St, Cityville', 'henry.islam@gmail.com', '678-789-8901', '2012-06-20', 1),
('Violet', 'Ali', 'Female', '1997-02-18', 24, '456 Oak St, Townsville', 'violet.ali@gmail.com', '789-890-9012', '2017-07-08', 1),
('Jackson', 'Das', 'Male', '1993-05-25', 28, '567 Cedar St, Hamletville', 'jackson.das@gmail.com', '890-901-0123', '2016-02-14', 1),
('Sophie', 'Rahman', 'Female', '1984-08-30', 37, '678 Elm St, Cityville', 'sophie.rahman@gmail.com', '901-012-1234', '2011-09-20', 1),
('Gabriel', 'Khan', 'Male', '1989-11-25', 32, '789 Pine St, Townsville', 'gabriel.khan@gmail.com', '012-123-2345', '2014-04-15', 1),
('Willow', 'Chowdhury', 'Female', '1995-03-08', 26, '890 Cedar St, Villageton', 'willow.chowdhury@gmail.com', '123-234-3456', '2019-10-05', 1),
('Julian', 'Yusuf', 'Male', '1990-06-12', 31, '123 Maple St, Hamletville', 'julian.yusuf@gmail.com', '234-345-4567', '2012-07-18', 1);

--2.Employee_Department: --- select * from dbo.Employee_Department

INSERT INTO dbo.Employee_Department (Department_Name, Employee_Id)
VALUES
    ('HR', 1),
    ('HR', 2),
    ('HR', 3),
    ('Finance', 4),
    ('Finance', 5),
    ('Marketing', 6),
    ('Marketing', 7),
    ('Sales', 8),
    ('Sales', 9),
    ('IT', 10),
    ('IT', 11),
    ('IT', 12),
    ('Operations', 13),
    ('Customer Service', 14),
    ('Customer Service', 15),
    ('Research and Development', 16),
    ('Research and Development', 17),
    ('Research and Development', 18),
    ('Quality Assurance', 19),
    ('Quality Assurance', 20),
    ('Finance', 21),
    ('Finance', 22),
    ('Marketing', 23),
    ('Marketing', 24),
    ('Sales', 25),
    ('Sales', 26),
    ('IT', 27),
    ('IT', 28),
    ('Operations', 29),
    ('Customer Service', 30),
    ('Customer Service', 31),
    ('Research and Development', 32),
    ('Research and Development', 33),
    ('Research and Development', 34),
    ('Quality Assurance', 35),
    ('Quality Assurance', 36),
    ('Finance', 37),
    ('Finance', 38),
    ('Marketing', 39),
    ('Marketing', 40),
    ('Sales', 41),
    ('Sales', 42),
    ('IT', 43),
    ('IT', 44),
    ('Operations', 45),
    ('Customer Service', 46),
    ('Customer Service', 47),
    ('Research and Development', 48),
    ('Research and Development', 49),
    ('Research and Development', 50),
    ('Quality Assurance', 51),
    ('Quality Assurance', 52),
    ('Finance', 53),
    ('Finance', 54),
    ('Marketing', 55),
    ('Marketing', 56),
    ('Sales', 57),
    ('Sales', 58),
    ('IT', 59),
    ('IT', 60),
    ('Operations', 61),
    ('Customer Service', 62),
    ('Customer Service', 63),
    ('Research and Development', 64),
    ('Research and Development', 65),
    ('Research and Development', 66),
    ('Quality Assurance', 67),
    ('Quality Assurance', 68),
    ('Finance', 69),
    ('Finance', 70),
    ('Marketing', 71),
    ('Marketing', 72),
    ('Sales', 73),
    ('Sales', 74),
    ('IT', 75),
    ('IT', 76),
    ('Operations', 77),
    ('Customer Service', 78),
    ('Customer Service', 79),
    ('Research and Development', 80),
    ('Research and Development', 81),
    ('Research and Development', 82),
    ('Quality Assurance', 83),
    ('Quality Assurance', 84),
    ('Finance', 85),
    ('Finance', 86),
    ('Marketing', 87),
    ('Marketing', 88),
    ('Sales', 89),
    ('Sales', 90),
    ('IT', 91),
    ('IT', 92),
    ('Operations', 93),
    ('Customer Service', 94),
    ('Customer Service', 95),
    ('Research and Development', 96),
    ('Research and Development', 97),
    ('Research and Development', 98),
    ('Quality Assurance', 99),
    ('Quality Assurance', 100);

--3.Employee_Attendance: --- select * from dbo.Employee_Attendance

DECLARE @StartDate DATE = '2024-01-01'
DECLARE @EndDate DATE = '2024-03-31'
DECLARE @EmployeeCount INT = 1
SET NOCOUNT ON

WHILE @EmployeeCount <= 100
BEGIN
    DECLARE @CurrentDate DATE = @StartDate
  
    WHILE @CurrentDate <= @EndDate
    BEGIN
        --  each day of the month
        WHILE @CurrentDate <= EOMONTH(@CurrentDate)
        BEGIN
            
            DECLARE @StartTime TIME = DATEADD(MINUTE, ROUND(RAND() * 150, 0), '08:00') -- 8:00 AM and 10:30 AM
            DECLARE @EndTime TIME = DATEADD(MINUTE, ROUND(RAND() * 120, 0), '18:00') -- 18:00 PM and 20:00 PM   
			DECLARE @IsHoliday BIT = CASE WHEN DATENAME(WEEKDAY, @CurrentDate) IN ('Saturday', 'Sunday') THEN 1 ELSE 0 END
            DECLARE @Hours_Worked DECIMAL(5, 2) = CASE WHEN @IsHoliday = 1 THEN 0.00 ELSE DATEDIFF(MINUTE, @StartTime, @EndTime) / 60.0 END
            DECLARE @IsLate BIT = CASE WHEN @StartTime > '10:00' THEN 1 ELSE 0 END

			DECLARE @IsPermission BIT = CASE WHEN @EndTime < '19:00' OR  @Hours_Worked < 10 THEN 1 ELSE 0 END

			
            DECLARE @EmployeeID INT = @EmployeeCount
            
            INSERT INTO dbo.Employee_Attendance (AttendanceDate, StartTime, EndTime, Hours_Worked, IsLate, IsHoliday, Employee_Id)
            VALUES (@CurrentDate, @StartTime, @EndTime, @Hours_Worked, @IsLate, @IsHoliday, @EmployeeID)

            SET @CurrentDate = DATEADD(DAY, 1, @CurrentDate)

            
            IF @CurrentDate > @EndDate
                BREAK
        END

        SET @CurrentDate = DATEADD(MONTH, 1, @CurrentDate)
    END

    SET @EmployeeCount = @EmployeeCount + 1
END


--4.Employee_Leave:  --- select * from dbo.Employee_Leave

INSERT INTO dbo.Employee_Leave (Employee_Id, Leave_date, Leave_Type, IsApproved) VALUES
(1, '2024-03-27', 'Sick Leave', 1),
(1, '2024-03-09', 'Casual Leave', 1),
(1, '2024-01-15', 'Casual Leave', 1),
(1, '2024-01-14', 'Casual Leave', 0),
(3, '2024-03-26', 'Maternity Leave', 0),
(3, '2024-03-14', 'Marriage Leave', 0),
(3, '2024-03-11', 'Casual Leave', 0),
(3, '2024-03-10', 'Sick Leave', 0),
(4, '2024-01-29', 'Maternity Leave', 0),
(4, '2024-01-10', 'Maternity Leave', 1),
(4, '2024-02-13', 'Casual Leave', 0),
(4, '2024-03-20', 'Sick Leave', 1),
(5, '2024-03-20', 'Marriage Leave', 0),
(5, '2024-02-18', 'Sick Leave', 0),
(5, '2024-02-09', 'Maternity Leave', 0),
(5, '2024-01-05', 'Casual Leave', 0),
(5, '2024-01-15', 'Maternity Leave', 1),
(6, '2024-02-15', 'Vacation', 0),
(6, '2024-01-12', 'Maternity Leave', 1),
(6, '2024-02-12', 'Casual Leave', 1),
(6, '2024-01-20', 'Maternity Leave', 1),
(6, '2024-02-12', 'Vacation', 0),
(7, '2024-02-15', 'Sick Leave', 0),
(8, '2024-01-16', 'Casual Leave', 0),
(8, '2024-03-26', 'Casual Leave', 0),
(8, '2024-03-15', 'Vacation', 0),
(9, '2024-01-11', 'Casual Leave', 0),
(11, '2024-01-17', 'Casual Leave', 0),
(11, '2024-02-02', 'Sick Leave', 0),
(11, '2024-03-05', 'Casual Leave', 0),
(11, '2024-01-11', 'Casual Leave', 0),
(11, '2024-03-28', 'Sick Leave', 1),
(14, '2024-01-27', 'Casual Leave', 0),
(14, '2024-01-15', 'Vacation', 1),
(14, '2024-02-27', 'Casual Leave', 0),
(14, '2024-02-03', 'Maternity Leave', 1),
(15, '2024-03-27', 'Maternity Leave', 0),
(15, '2024-01-05', 'Casual Leave', 0),
(15, '2024-01-25', 'Casual Leave', 0),
(15, '2024-02-20', 'Casual Leave', 0),
(15, '2024-03-04', 'Vacation', 0),
(16, '2024-02-18', 'Casual Leave', 0),
(16, '2024-01-14', 'Maternity Leave', 0),
(16, '2024-01-02', 'Marriage Leave', 0),
(16, '2024-01-14', 'Maternity Leave', 0),
(17, '2024-03-14', 'Casual Leave', 0),
(17, '2024-01-03', 'Sick Leave', 1),
(17, '2024-02-20', 'Marriage Leave', 0),
(17, '2024-03-31', 'Casual Leave', 0),
(18, '2024-02-17', 'Maternity Leave', 0),
(18, '2024-03-17', 'Casual Leave', 0),
(18, '2024-01-23', 'Casual Leave', 1),
(18, '2024-01-11', 'Vacation', 0),
(18, '2024-02-26', 'Casual Leave', 0),
(19, '2024-01-15', 'Casual Leave', 1),
(19, '2024-01-12', 'Casual Leave', 1),
(19, '2024-02-28', 'Vacation', 0),
(20, '2024-01-04', 'Maternity Leave', 1),
(20, '2024-03-01', 'Sick Leave', 0),
(20, '2024-03-23', 'Casual Leave', 1),
(21, '2024-03-11', 'Vacation', 1),
(21, '2024-02-22', 'Sick Leave', 1),
(21, '2024-03-26', 'Sick Leave', 0),
(21, '2024-03-02', 'Casual Leave', 1),
(22, '2024-03-31', 'Casual Leave', 0),
(23, '2024-03-16', 'Casual Leave', 0),
(23, '2024-01-17', 'Casual Leave', 0),
(24, '2024-03-02', 'Casual Leave', 0),
(24, '2024-03-26', 'Sick Leave', 0),
(24, '2024-03-02', 'Vacation', 1),
(24, '2024-01-22', 'Vacation', 0),
(24, '2024-02-25', 'Sick Leave', 0),
(25, '2024-02-22', 'Casual Leave', 0),
(25, '2024-01-06', 'Sick Leave', 0),
(25, '2024-02-02', 'Maternity Leave', 0),
(25, '2024-03-01', 'Casual Leave', 0),
(26, '2024-01-18', 'Vacation', 1),
(26, '2024-03-19', 'Vacation', 0),
(26, '2024-02-10', 'Sick Leave', 1),
(27, '2024-01-05', 'Casual Leave', 1),
(27, '2024-01-26', 'Sick Leave', 0),
(27, '2024-03-08', 'Casual Leave', 0),
(28, '2024-03-02', 'Maternity Leave', 1),
(28, '2024-03-28', 'Casual Leave', 1),
(29, '2024-03-01', 'Sick Leave', 0),
(31, '2024-01-06', 'Sick Leave', 1),
(31, '2024-01-25', 'Vacation', 1),
(31, '2024-03-02', 'Sick Leave', 0),
(32, '2024-01-20', 'Marriage Leave', 1),
(32, '2024-01-18', 'Vacation', 0),
(32, '2024-01-11', 'Casual Leave', 0),
(34, '2024-02-22', 'Casual Leave', 1),
(35, '2024-02-04', 'Sick Leave', 1),
(36, '2024-03-13', 'Sick Leave', 1),
(36, '2024-02-06', 'Maternity Leave', 0),
(36, '2024-02-13', 'Vacation', 0),
(36, '2024-02-25', 'Sick Leave', 1),
(36, '2024-03-02', 'Marriage Leave', 1),
(37, '2024-03-14', 'Marriage Leave', 0),
(37, '2024-02-26', 'Casual Leave', 0),
(37, '2024-01-07', 'Sick Leave', 0),
(38, '2024-01-29', 'Casual Leave', 1),
(40, '2024-01-29', 'Sick Leave', 0),
(40, '2024-02-20', 'Casual Leave', 0),
(41, '2024-01-19', 'Casual Leave', 0),
(41, '2024-01-04', 'Maternity Leave', 0),
(42, '2024-03-12', 'Sick Leave', 0),
(42, '2024-02-17', 'Casual Leave', 0),
(42, '2024-03-02', 'Sick Leave', 0),
(42, '2024-03-09', 'Sick Leave', 0),
(43, '2024-02-18', 'Casual Leave', 0),
(43, '2024-01-06', 'Maternity Leave', 1),
(43, '2024-02-12', 'Casual Leave', 0),
(44, '2024-03-10', 'Casual Leave', 0),
(44, '2024-03-20', 'Marriage Leave', 1),
(45, '2024-01-30', 'Maternity Leave', 0),
(45, '2024-01-16', 'Casual Leave', 0),
(45, '2024-02-22', 'Casual Leave', 0),
(47, '2024-03-07', 'Maternity Leave', 0),
(47, '2024-01-23', 'Marriage Leave', 1),
(48, '2024-03-09', 'Marriage Leave', 0),
(48, '2024-03-21', 'Casual Leave', 0),
(48, '2024-03-28', 'Maternity Leave', 1),
(49, '2024-02-14', 'Sick Leave', 1),
(49, '2024-03-25', 'Marriage Leave', 0),
(49, '2024-01-15', 'Maternity Leave', 1),
(49, '2024-02-26', 'Marriage Leave', 0),
(49, '2024-01-22', 'Casual Leave', 0),
(50, '2024-03-13', 'Marriage Leave', 1),
(50, '2024-01-05', 'Sick Leave', 0),
(50, '2024-03-19', 'Casual Leave', 0),
(50, '2024-03-19', 'Marriage Leave', 0),
(53, '2024-02-20', 'Maternity Leave', 1),
(53, '2024-01-10', 'Marriage Leave', 1),
(53, '2024-02-08', 'Sick Leave', 0),
(54, '2024-02-03', 'Sick Leave', 0),
(54, '2024-03-21', 'Maternity Leave', 1),
(55, '2024-02-25', 'Casual Leave', 0),
(55, '2024-01-06', 'Vacation', 0),
(56, '2024-03-26', 'Marriage Leave', 0),
(57, '2024-03-13', 'Casual Leave', 0),
(57, '2024-01-19', 'Casual Leave', 0),
(57, '2024-01-18', 'Casual Leave', 1),
(57, '2024-02-10', 'Casual Leave', 0),
(57, '2024-02-08', 'Maternity Leave', 0),
(58, '2024-02-06', 'Sick Leave', 1),
(58, '2024-01-09', 'Sick Leave', 0),
(58, '2024-01-24', 'Marriage Leave', 1),
(58, '2024-01-13', 'Casual Leave', 1),
(58, '2024-03-20', 'Casual Leave', 0),
(60, '2024-03-20', 'Sick Leave', 0),
(61, '2024-01-18', 'Casual Leave', 0),
(61, '2024-03-30', 'Sick Leave', 0),
(62, '2024-02-03', 'Casual Leave', 0),
(62, '2024-03-18', 'Casual Leave', 0),
(62, '2024-03-24', 'Casual Leave', 1),
(63, '2024-02-22', 'Maternity Leave', 1),
(64, '2024-03-20', 'Marriage Leave', 0),
(66, '2024-01-20', 'Sick Leave', 0),
(66, '2024-02-29', 'Casual Leave', 0),
(66, '2024-03-27', 'Casual Leave', 1),
(66, '2024-03-27', 'Sick Leave', 0),
(66, '2024-02-21', 'Casual Leave', 1),
(67, '2024-01-25', 'Casual Leave', 0),
(68, '2024-01-03', 'Marriage Leave', 0),
(68, '2024-02-16', 'Casual Leave', 1),
(68, '2024-01-18', 'Sick Leave', 0),
(68, '2024-03-07', 'Marriage Leave', 0),
(69, '2024-01-26', 'Casual Leave', 0),
(69, '2024-01-21', 'Marriage Leave', 1),
(69, '2024-01-19', 'Maternity Leave', 0),
(70, '2024-03-22', 'Maternity Leave', 1),
(70, '2024-03-31', 'Sick Leave', 1),
(70, '2024-03-25', 'Marriage Leave', 1),
(70, '2024-02-24', 'Sick Leave', 0),
(73, '2024-03-24', 'Maternity Leave', 1),
(73, '2024-01-09', 'Casual Leave', 1),
(73, '2024-02-10', 'Sick Leave', 0),
(73, '2024-01-06', 'Casual Leave', 0),
(73, '2024-03-30', 'Casual Leave', 0),
(74, '2024-03-29', 'Sick Leave', 0),
(74, '2024-03-02', 'Casual Leave', 1),
(74, '2024-03-08', 'Sick Leave', 0),
(74, '2024-01-13', 'Sick Leave', 0),
(74, '2024-02-16', 'Casual Leave', 0),
(75, '2024-03-28', 'Vacation', 0),
(76, '2024-02-08', 'Maternity Leave', 0),
(76, '2024-02-04', 'Casual Leave', 1),
(77, '2024-01-20', 'Casual Leave', 0),
(78, '2024-03-27', 'Casual Leave', 1),
(78, '2024-02-22', 'Maternity Leave', 1),
(78, '2024-02-03', 'Casual Leave', 0),
(79, '2024-01-04', 'Casual Leave', 1),
(82, '2024-01-12', 'Sick Leave', 0),
(82, '2024-01-27', 'Maternity Leave', 0),
(82, '2024-02-08', 'Marriage Leave', 0),
(83, '2024-03-14', 'Sick Leave', 1),
(83, '2024-03-05', 'Maternity Leave', 0),
(85, '2024-01-23', 'Vacation', 1),
(86, '2024-01-07', 'Sick Leave', 0),
(86, '2024-02-25', 'Maternity Leave', 0),
(87, '2024-03-23', 'Vacation', 1),
(88, '2024-03-15', 'Sick Leave', 0),
(88, '2024-02-09', 'Casual Leave', 1),
(88, '2024-03-08', 'Casual Leave', 0),
(90, '2024-03-21', 'Marriage Leave', 1),
(91, '2024-03-12', 'Maternity Leave', 1),
(91, '2024-03-04', 'Vacation', 0),
(91, '2024-03-03', 'Maternity Leave', 0),
(91, '2024-03-18', 'Casual Leave', 0),
(91, '2024-01-06', 'Sick Leave', 1),
(92, '2024-03-25', 'Casual Leave', 0),
(92, '2024-02-21', 'Marriage Leave', 0),
(92, '2024-02-19', 'Casual Leave', 0),
(92, '2024-02-20', 'Casual Leave', 0),
(92, '2024-01-05', 'Vacation', 0),
(93, '2024-01-21', 'Vacation', 0),
(93, '2024-03-15', 'Sick Leave', 0),
(93, '2024-02-09', 'Maternity Leave', 0),
(94, '2024-03-22', 'Casual Leave', 1),
(94, '2024-03-25', 'Maternity Leave', 0),
(95, '2024-01-18', 'Sick Leave', 1),
(96, '2024-03-15', 'Sick Leave', 1),
(96, '2024-01-24', 'Sick Leave', 0),
(96, '2024-01-22', 'Sick Leave', 0),
(97, '2024-02-13', 'Vacation', 0),
(97, '2024-02-07', 'Maternity Leave', 0),
(97, '2024-01-09', 'Sick Leave', 0),
(98, '2024-02-10', 'Casual Leave', 1),
(99, '2024-03-18', 'Casual Leave', 0),
(99, '2024-02-29', 'Maternity Leave', 0),
(99, '2024-01-21', 'Sick Leave', 0),
(100, '2024-02-08', 'Casual Leave', 0),
(100, '2024-03-17', 'Maternity Leave', 1),
(100, '2024-03-10', 'Sick Leave', 0);

--5.Employee_AccountDetails: --- select * from dbo.Employee_AccountDetails

INSERT INTO dbo.Employee_AccountDetails (Account_Id, Bank_Name, Account_Number, IFSC_Code, Employeer_Id) VALUES
(1, 'Bank of America', 'ACCT-458693', 'IFSC93429', 1),
(2, 'Bank of America', 'ACCT-388142', 'IFSC80330', 2),
(3, 'Bank of America', 'ACCT-611007', 'IFSC81729', 3),
(4, 'Barclays Bank', 'ACCT-750959', 'IFSC67725', 4),
(5, 'Barclays Bank', 'ACCT-803563', 'IFSC36118', 5),
(6, 'Citibank', 'ACCT-509563', 'IFSC45534', 6),
(7, 'Citibank', 'ACCT-859574', 'IFSC81342', 7),
(8, 'Citibank', 'ACCT-581705', 'IFSC19694', 8),
(9, 'Bank of America', 'ACCT-838955', 'IFSC24428', 9),
(10, 'Bank of America', 'ACCT-376645', 'IFSC42755', 10),
(11, 'Citibank', 'ACCT-741779', 'IFSC26303', 11),
(12, 'Barclays Bank', 'ACCT-492512', 'IFSC91705', 12),
(13, 'Bank of America', 'ACCT-699507', 'IFSC16827', 13),
(14, 'Barclays Bank', 'ACCT-415481', 'IFSC73342', 14),
(15, 'Bank of America', 'ACCT-828415', 'IFSC13977', 15),
(16, 'Barclays Bank', 'ACCT-529776', 'IFSC63891', 16),
(17, 'Barclays Bank', 'ACCT-296841', 'IFSC87571', 17),
(18, 'Citibank', 'ACCT-764527', 'IFSC20125', 18),
(19, 'Citibank', 'ACCT-9384', 'IFSC99826', 19),
(20, 'Citibank', 'ACCT-76226', 'IFSC15978', 20),
(21, 'Citibank', 'ACCT-921083', 'IFSC81202', 21),
(22, 'Citibank', 'ACCT-656422', 'IFSC53136', 22),
(23, 'Bank of America', 'ACCT-382215', 'IFSC21217', 23),
(24, 'Bank of America', 'ACCT-955871', 'IFSC71288', 24),
(25, 'Barclays Bank', 'ACCT-374675', 'IFSC18647', 25),
(26, 'Bank of America', 'ACCT-963874', 'IFSC37910', 26),
(27, 'Citibank', 'ACCT-155438', 'IFSC75408', 27),
(28, 'Barclays Bank', 'ACCT-828358', 'IFSC78250', 28),
(29, 'Citibank', 'ACCT-24397', 'IFSC44749', 29),
(30, 'Bank of America', 'ACCT-697813', 'IFSC29758', 30),
(31, 'Citibank', 'ACCT-338253', 'IFSC14111', 31),
(32, 'Barclays Bank', 'ACCT-141122', 'IFSC94264', 32),
(33, 'Citibank', 'ACCT-853358', 'IFSC31132', 33),
(34, 'Bank of America', 'ACCT-186994', 'IFSC66588', 34),
(35, 'Citibank', 'ACCT-164767', 'IFSC19576', 35),
(36, 'Bank of America', 'ACCT-476096', 'IFSC39378', 36),
(37, 'Citibank', 'ACCT-738639', 'IFSC37969', 37),
(38, 'Barclays Bank', 'ACCT-448686', 'IFSC26302', 38),
(39, 'Barclays Bank', 'ACCT-402338', 'IFSC72470', 39),
(40, 'Citibank', 'ACCT-145045', 'IFSC91753', 40),
(41, 'Barclays Bank', 'ACCT-248394', 'IFSC73345', 41),
(42, 'Barclays Bank', 'ACCT-585350', 'IFSC29187', 42),
(43, 'Citibank', 'ACCT-751310', 'IFSC68726', 43),
(44, 'Citibank', 'ACCT-934731', 'IFSC57280', 44),
(45, 'Citibank', 'ACCT-706225', 'IFSC47843', 45),
(46, 'Bank of America', 'ACCT-792254', 'IFSC87794', 46),
(47, 'Barclays Bank', 'ACCT-918476', 'IFSC95067', 47),
(48, 'Barclays Bank', 'ACCT-13243', 'IFSC18366', 48),
(49, 'Citibank', 'ACCT-922502', 'IFSC2835', 49),
(50, 'Citibank', 'ACCT-977537', 'IFSC52891', 50),
(51, 'Barclays Bank', 'ACCT-34300', 'IFSC51096', 51),
(52, 'Barclays Bank', 'ACCT-495463', 'IFSC55333', 52),
(53, 'Barclays Bank', 'ACCT-961689', 'IFSC61926', 53),
(54, 'Citibank', 'ACCT-159726', 'IFSC86943', 54),
(55, 'Barclays Bank', 'ACCT-479956', 'IFSC61530', 55),
(56, 'Bank of America', 'ACCT-897838', 'IFSC28558', 56),
(57, 'Bank of America', 'ACCT-795288', 'IFSC23451', 57),
(58, 'Bank of America', 'ACCT-318574', 'IFSC66228', 58),
(59, 'Barclays Bank', 'ACCT-895889', 'IFSC58263', 59),
(60, 'Bank of America', 'ACCT-711977', 'IFSC34640', 60),
(61, 'Barclays Bank', 'ACCT-412052', 'IFSC25593', 61),
(62, 'Bank of America', 'ACCT-173554', 'IFSC93261', 62),
(63, 'Barclays Bank', 'ACCT-196219', 'IFSC58682', 63),
(64, 'Bank of America', 'ACCT-78102', 'IFSC85238', 64),
(65, 'Citibank', 'ACCT-476755', 'IFSC874', 65),
(66, 'Barclays Bank', 'ACCT-87748', 'IFSC99670', 66),
(67, 'Barclays Bank', 'ACCT-433742', 'IFSC87312', 67),
(68, 'Barclays Bank', 'ACCT-153692', 'IFSC724', 68),
(69, 'Bank of America', 'ACCT-628226', 'IFSC83845', 69),
(70, 'Barclays Bank', 'ACCT-422740', 'IFSC3487', 70),
(71, 'Bank of America', 'ACCT-83791', 'IFSC61253', 71),
(72, 'Bank of America', 'ACCT-929250', 'IFSC57371', 72),
(73, 'Barclays Bank', 'ACCT-918071', 'IFSC14490', 73),
(74, 'Bank of America', 'ACCT-416159', 'IFSC96833', 74),
(75, 'Citibank', 'ACCT-209780', 'IFSC34843', 75),
(76, 'Bank of America', 'ACCT-742541', 'IFSC68308', 76),
(77, 'Bank of America', 'ACCT-913978', 'IFSC41993', 77),
(78, 'Barclays Bank', 'ACCT-215640', 'IFSC19031', 78),
(79, 'Citibank', 'ACCT-335326', 'IFSC42374', 79),
(80, 'Bank of America', 'ACCT-227450', 'IFSC88272', 80),
(81, 'Citibank', 'ACCT-120031', 'IFSC95537', 81),
(82, 'Bank of America', 'ACCT-849172', 'IFSC58713', 82),
(83, 'Bank of America', 'ACCT-411679', 'IFSC77798', 83),
(84, 'Bank of America', 'ACCT-325094', 'IFSC13271', 84),
(85, 'Citibank', 'ACCT-251044', 'IFSC83891', 85),
(86, 'Barclays Bank', 'ACCT-751762', 'IFSC66622', 86),
(87, 'Barclays Bank', 'ACCT-706625', 'IFSC87245', 87),
(88, 'Bank of America', 'ACCT-352071', 'IFSC32074', 88),
(89, 'Barclays Bank', 'ACCT-611169', 'IFSC48113', 89),
(90, 'Barclays Bank', 'ACCT-512172', 'IFSC12940', 90),
(91, 'Barclays Bank', 'ACCT-453604', 'IFSC20155', 91),
(92, 'Barclays Bank', 'ACCT-184175', 'IFSC70651', 92),
(93, 'Barclays Bank', 'ACCT-554739', 'IFSC25174', 93),
(94, 'Bank of America', 'ACCT-458432', 'IFSC57569', 94),
(95, 'Bank of America', 'ACCT-451810', 'IFSC71249', 95),
(96, 'Barclays Bank', 'ACCT-129308', 'IFSC52502', 96),
(97, 'Bank of America', 'ACCT-941521', 'IFSC79523', 97),
(98, 'Citibank', 'ACCT-757602', 'IFSC45223', 98),
(99, 'Bank of America', 'ACCT-236710', 'IFSC86578', 99),
(100, 'Citibank', 'ACCT-69202', 'IFSC92942', 100);

--6.Employee_Salary --- select * from dbo.Employee_Salary

INSERT INTO dbo.Employee_Salary (Salary, PerDay_Pay, Hourly_Pay, Account_Id, Employee_Id)
VALUES
(11784.50, ROUND(11784.50 / 30, 2), ROUND((11784.50 / 30) / 8, 2), 1, 1),
(11424.02, ROUND(11424.02 / 30, 2), ROUND((11424.02 / 30) / 8, 2), 2, 2),
(17438.35, ROUND(17438.35 / 30, 2), ROUND((17438.35 / 30) / 8, 2), 3, 3),
(15197.47, ROUND(15197.47 / 30, 2), ROUND((15197.47 / 30) / 8, 2), 4, 4),
(11459.28, ROUND(11459.28 / 30, 2), ROUND((11459.28 / 30) / 8, 2), 5, 5),
(15978.40, ROUND(15978.40 / 30, 2), ROUND((15978.40 / 30) / 8, 2), 6, 6),
(15798.40, ROUND(15798.40 / 30, 2), ROUND((15798.40 / 30) / 8, 2), 7, 7),
(11896.71, ROUND(11896.71 / 30, 2), ROUND((11896.71 / 30) / 8, 2), 8, 8),
(15755.91, ROUND(15755.91 / 30, 2), ROUND((15755.91 / 30) / 8, 2), 9, 9),
(14081.06, ROUND(14081.06 / 30, 2), ROUND((14081.06 / 30) / 8, 2), 10, 10),
(11353.55, ROUND(11353.55 / 30, 2), ROUND((11353.55 / 30) / 8, 2), 11, 11),
(15682.01, ROUND(15682.01 / 30, 2), ROUND((15682.01 / 30) / 8, 2), 12, 12),
(12128.68, ROUND(12128.68 / 30, 2), ROUND((12128.68 / 30) / 8, 2), 13, 13),
(18117.26, ROUND(18117.26 / 30, 2), ROUND((18117.26 / 30) / 8, 2), 14, 14),
(12773.58, ROUND(12773.58 / 30, 2), ROUND((12773.58 / 30) / 8, 2), 15, 15),
(11063.06, ROUND(11063.06 / 30, 2), ROUND((11063.06 / 30) / 8, 2), 16, 16),
(12502.28, ROUND(12502.28 / 30, 2), ROUND((12502.28 / 30) / 8, 2), 17, 17),
(12561.97, ROUND(12561.97 / 30, 2), ROUND((12561.97 / 30) / 8, 2), 18, 18),
(14683.67, ROUND(14683.67 / 30, 2), ROUND((14683.67 / 30) / 8, 2), 19, 19),
(11175.31, ROUND(11175.31 / 30, 2), ROUND((11175.31 / 30) / 8, 2), 20, 20),
(16805.99, ROUND(16805.99 / 30, 2), ROUND((16805.99 / 30) / 8, 2), 21, 21),
(13238.56, ROUND(13238.56 / 30, 2), ROUND((13238.56 / 30) / 8, 2), 22, 22),
(11097.40, ROUND(11097.40 / 30, 2), ROUND((11097.40 / 30) / 8, 2), 23, 23),
(11932.53, ROUND(11932.53 / 30, 2), ROUND((11932.53 / 30) / 8, 2), 24, 24),
(14443.34, ROUND(14443.34 / 30, 2), ROUND((14443.34 / 30) / 8, 2), 25, 25),
(19443.40, ROUND(19443.40 / 30, 2), ROUND((19443.40 / 30) / 8, 2), 26, 26),
(17708.18, ROUND(17708.18 / 30, 2), ROUND((17708.18 / 30) / 8, 2), 27, 27),
(17190.60, ROUND(17190.60 / 30, 2), ROUND((17190.60 / 30) / 8, 2), 28, 28),
(19455.42, ROUND(19455.42 / 30, 2), ROUND((19455.42 / 30) / 8, 2), 29, 29),
(17073.64, ROUND(17073.64 / 30, 2), ROUND((17073.64 / 30) / 8, 2), 30, 30),
(11382.49, ROUND(11382.49 / 30, 2), ROUND((11382.49 / 30) / 8, 2), 31, 31),
(11090.71, ROUND(11090.71 / 30, 2), ROUND((11090.71 / 30) / 8, 2), 32, 32),
(14943.67, ROUND(14943.67 / 30, 2), ROUND((14943.67 / 30) / 8, 2), 33, 33),
(13266.82, ROUND(13266.82 / 30, 2), ROUND((13266.82 / 30) / 8, 2), 34, 34),
(17159.69, ROUND(17159.69 / 30, 2), ROUND((17159.69 / 30) / 8, 2), 35, 35),
(19538.70, ROUND(19538.70 / 30, 2), ROUND((19538.70 / 30) / 8, 2), 36, 36),
(19513.38, ROUND(19513.38 / 30, 2), ROUND((19513.38 / 30) / 8, 2), 37, 37),
(11277.17, ROUND(11277.17 / 30, 2), ROUND((11277.17 / 30) / 8, 2), 38, 38),
(19382.97, ROUND(19382.97 / 30, 2), ROUND((19382.97 / 30) / 8, 2), 39, 39),
(14616.60, ROUND(14616.60 / 30, 2), ROUND((14616.60 / 30) / 8, 2), 40, 40),
(11961.83, ROUND(11961.83 / 30, 2), ROUND((11961.83 / 30) / 8, 2), 41, 41),
(18012.14, ROUND(18012.14 / 30, 2), ROUND((118012.14 / 30) / 8, 2), 42, 42),
(15285.42, ROUND(15285.42 / 30, 2), ROUND((15285.42 / 30) / 8, 2), 43, 43),
(12975.56, ROUND(12975.56 / 30, 2), ROUND((12975.56 / 30) / 8, 2), 44, 44),
(11139.72, ROUND(11139.72 / 30, 2), ROUND((11139.72 / 30) / 8, 2), 45, 45),
(11198.76, ROUND(11198.76 / 30, 2), ROUND((11198.76 / 30) / 8, 2), 46, 46),
(13444.68, ROUND(13444.68 / 30, 2), ROUND((13444.68 / 30) / 8, 2), 47, 47),
(17218.47, ROUND(17218.47 / 30, 2), ROUND((17218.47 / 30) / 8, 2), 48, 48),
(12030.77, ROUND(12030.77 / 30, 2), ROUND((12030.77 / 30) / 8, 2), 49, 49),
(15014.48, ROUND(15014.48 / 30, 2), ROUND((15014.48 / 30) / 8, 2), 50, 50),
(18254.72, ROUND(18254.72 / 30, 2), ROUND((18254.72 / 30) / 8, 2), 51, 51),
(13626.49, ROUND(13626.49 / 30, 2), ROUND((13626.49 / 30) / 8, 2), 52, 52),
(17405.83, ROUND(17405.83 / 30, 2), ROUND((17405.83 / 30) / 8, 2), 53, 53),
(18141.39, ROUND(18141.39 / 30, 2), ROUND((18141.39 / 30) / 8, 2), 54, 54),
(19802.33, ROUND(19802.33 / 30, 2), ROUND((19802.33 / 30) / 8, 2), 55, 55),
(17026.45, ROUND(17026.45 / 30, 2), ROUND((17026.45 / 30) / 8, 2), 56, 56),
(11416.32, ROUND(11416.32 / 30, 2), ROUND((11416.32 / 30) / 8, 2), 57, 57),
(11434.57, ROUND(11434.57 / 30, 2), ROUND((11434.57 / 30) / 8, 2), 58, 58),
(11329.71, ROUND(11329.71 / 30, 2), ROUND((11329.71 / 30) / 8, 2), 59, 59),
(12614.34, ROUND(12614.34 / 30, 2), ROUND((12614.34 / 30) / 8, 2), 60, 60),
(11097.76, ROUND(11097.76 / 30, 2), ROUND((11097.76 / 30) / 8, 2), 61, 61),
(12781.70, ROUND(12781.70 / 30, 2), ROUND((12781.70 / 30) / 8, 2), 62, 62),
(11043.65, ROUND(11043.65 / 30, 2), ROUND((11043.65 / 30) / 8, 2), 63, 63),
(13792.19, ROUND(13792.19 / 30, 2), ROUND((13792.19 / 30) / 8, 2), 64, 64),
(15012.73, ROUND(15012.73 / 30, 2), ROUND((15012.73 / 30) / 8, 2), 65, 65),
(18592.99, ROUND(18592.99 / 30, 2), ROUND((18592.99 / 30) / 8, 2), 66, 66),
(14989.52, ROUND(14989.52 / 30, 2), ROUND((14989.52 / 30) / 8, 2), 67, 67),
(11271.32, ROUND(11271.32 / 30, 2), ROUND((11271.32 / 30) / 8, 2), 68, 68),
(15830.81, ROUND(15830.81 / 30, 2), ROUND((15830.81 / 30) / 8, 2), 69, 69),
(14232.10, ROUND(14232.10 / 30, 2), ROUND((14232.10 / 30) / 8, 2), 70, 70),
(14776.72, ROUND(14776.72 / 30, 2), ROUND((14776.72 / 30) / 8, 2), 71, 71),
(18094.96, ROUND(18094.96 / 30, 2), ROUND((18094.96 / 30) / 8, 2), 72, 72),
(19264.61, ROUND(19264.61 / 30, 2), ROUND((19264.61 / 30) / 8, 2), 73, 73),
(15345.78, ROUND(15345.78 / 30, 2), ROUND((15345.78 / 30) / 8, 2), 74, 74),
(14895.16, ROUND(14895.16 / 30, 2), ROUND((14895.16 / 30) / 8, 2), 75, 75),
(11594.84, ROUND(11594.84 / 30, 2), ROUND((11594.84 / 30) / 8, 2), 76, 76),
(17241.08, ROUND(17241.08 / 30, 2), ROUND((17241.08 / 30) / 8, 2), 77, 77),
(19389.95, ROUND(19389.95 / 30, 2), ROUND((19389.95 / 30) / 8, 2), 78, 78),
(17039.67, ROUND(17039.67 / 30, 2), ROUND((17039.67 / 30) / 8, 2), 79, 79),
(17501.03, ROUND(17501.03 / 30, 2), ROUND((17501.03 / 30) / 8, 2), 80, 80),
(19835.33, ROUND(19835.33 / 30, 2), ROUND((19835.33 / 30) / 8, 2), 81, 81),
(15291.90, ROUND(15291.90 / 30, 2), ROUND((15291.90 / 30) / 8, 2), 82, 82),
(11283.92, ROUND(11283.92 / 30, 2), ROUND((11283.92 / 30) / 8, 2), 83, 83),
(18238.51, ROUND(18238.51 / 30, 2), ROUND((18238.51 / 30) / 8, 2), 84, 84),
(11618.10, ROUND(11618.10 / 30, 2), ROUND((11618.10 / 30) / 8, 2), 85, 85),
(12378.79, ROUND(12378.79 / 30, 2), ROUND((12378.79 / 30) / 8, 2), 86, 86),
(15811.24, ROUND(15811.24 / 30, 2), ROUND((15811.24 / 30) / 8, 2), 87, 87),
(11009.33, ROUND(11009.33 / 30, 2), ROUND((11009.33 / 30) / 8, 2), 88, 88),
(11368.55, ROUND(11368.55 / 30, 2), ROUND((11368.55 / 30) / 8, 2), 89, 89),
(15800.04, ROUND(15800.04 / 30, 2), ROUND((15800.04 / 30) / 8, 2), 90, 90),
(11879.90, ROUND(11879.90 / 30, 2), ROUND((11879.90 / 30) / 8, 2), 91, 91),
(18254.58, ROUND(18254.58 / 30, 2), ROUND((18254.58 / 30) / 8, 2), 92, 92),
(19698.88, ROUND(19698.88 / 30, 2), ROUND((19698.88 / 30) / 8, 2), 93, 93),
(19246.77, ROUND(19246.77 / 30, 2), ROUND((19246.77 / 30) / 8, 2), 94, 94),
(18859.60, ROUND(18859.60 / 30, 2), ROUND((18859.60 / 30) / 8, 2), 95, 95),
(17899.66, ROUND(17899.66 / 30, 2), ROUND((17899.66 / 30) / 8, 2), 96, 96),
(13660.82, ROUND(13660.82 / 30, 2), ROUND((13660.82 / 30) / 8, 2), 97, 97),
(18092.98, ROUND(18092.98 / 30, 2), ROUND((18092.98 / 30) / 8, 2), 98, 98),
(11829.32, ROUND(11829.32 / 30, 2), ROUND((11829.32 / 30) / 8, 2), 99, 99),
(18323.42, ROUND(18323.42 / 30, 2), ROUND((18323.42 / 30) / 8, 2), 100, 100);


--7.Payroll: --- select * from dbo.Payroll

DECLARE @EmployeeCount INT = 1;

--  Allowance_values table for HRA, DA, Other Allowances, and PF
DECLARE @Allowance_Values TABLE (
    Employee_Id INT,
    HRA DECIMAL(10, 2),
    DA DECIMAL(10, 2),
    OtherAllowances DECIMAL(10, 2),
    PF DECIMAL(10, 2)
);

-- Insert values for HRA, DA, Other Allowances, and PF
INSERT INTO @Allowance_Values (Employee_Id, HRA, DA, OtherAllowances, PF)
VALUES
(1, 2000.00, 1000.00, 500.00, 300.00),
(2, 2500.00, 1200.00, 600.00, 350.00),
(3, 2200.00, 1100.00, 550.00, 320.00),
(4, 2300.00, 1300.00, 700.00, 400.00),
(5, 2100.00, 1000.00, 480.00, 280.00),
(6, 2400.00, 1150.00, 590.00, 330.00),
(7, 2600.00, 1250.00, 620.00, 360.00),
(8, 2300.00, 1050.00, 530.00, 300.00),
(9, 2200.00, 1200.00, 550.00, 320.00),
(10, 2500.00, 1350.00, 670.00, 380.00),
(11, 2100.00, 1000.00, 500.00, 290.00),
(12, 2400.00, 1250.00, 600.00, 350.00),
(13, 2300.00, 1100.00, 550.00, 320.00),
(14, 2200.00, 1200.00, 580.00, 330.00),
(15, 2500.00, 1300.00, 640.00, 370.00),
(16, 2100.00, 1050.00, 520.00, 300.00),
(17, 2400.00, 1200.00, 580.00, 340.00),
(18, 2300.00, 1100.00, 540.00, 320.00),
(19, 2200.00, 1250.00, 600.00, 350.00),
(20, 2500.00, 1350.00, 660.00, 380.00),
(21, 2200.00, 1050.00, 540.00, 310.00),
(22, 2300.00, 1150.00, 570.00, 330.00),
(23, 2400.00, 1200.00, 590.00, 340.00),
(24, 2500.00, 1300.00, 650.00, 370.00),
(25, 2100.00, 1000.00, 500.00, 290.00),
(26, 2400.00, 1200.00, 590.00, 350.00),
(27, 2200.00, 1100.00, 560.00, 320.00),
(28, 2300.00, 1150.00, 580.00, 330.00),
(29, 2500.00, 1300.00, 630.00, 360.00),
(30, 2100.00, 1000.00, 520.00, 300.00),
(31, 2300.00, 1150.00, 570.00, 330.00),
(32, 2200.00, 1100.00, 550.00, 320.00),
(33, 2400.00, 1200.00, 600.00, 350.00),
(34, 2500.00, 1300.00, 640.00, 370.00),
(35, 2100.00, 1000.00, 510.00, 300.00),
(36, 2300.00, 1100.00, 550.00, 320.00),
(37, 2200.00, 1150.00, 570.00, 330.00),
(38, 2400.00, 1200.00, 590.00, 350.00),
(39, 2500.00, 1300.00, 650.00, 380.00),
(40, 2100.00, 1050.00, 530.00, 310.00),
(41, 2300.00, 1100.00, 560.00, 320.00),
(42, 2400.00, 1200.00, 590.00, 350.00),
(43, 2200.00, 1150.00, 570.00, 330.00),
(44, 2500.00, 1300.00, 640.00, 370.00),
(45, 2100.00, 1000.00, 510.00, 300.00),
(46, 2300.00, 1150.00, 580.00, 330.00),
(47, 2200.00, 1100.00, 550.00, 320.00),
(48, 2400.00, 1200.00, 600.00, 350.00),
(49, 2500.00, 1300.00, 650.00, 380.00),
(50, 2100.00, 1000.00, 520.00, 300.00),
(51, 2300.00, 1100.00, 550.00, 320.00),
(52, 2400.00, 1200.00, 600.00, 350.00),
(53, 2200.00, 1150.00, 570.00, 330.00),
(54, 2500.00, 1300.00, 640.00, 370.00),
(55, 2100.00, 1000.00, 510.00, 300.00),
(56, 2300.00, 1150.00, 580.00, 330.00),
(57, 2200.00, 1100.00, 550.00, 320.00),
(58, 2400.00, 1200.00, 600.00, 350.00),
(59, 2500.00, 1300.00, 650.00, 380.00),
(60, 2100.00, 1050.00, 520.00, 300.00),
(61, 2300.00, 1100.00, 550.00, 320.00),
(62, 2400.00, 1200.00, 590.00, 350.00),
(63, 2200.00, 1150.00, 570.00, 330.00),
(64, 2500.00, 1300.00, 640.00, 370.00),
(65, 2100.00, 1000.00, 510.00, 300.00),
(66, 2300.00, 1150.00, 580.00, 330.00),
(67, 2200.00, 1100.00, 550.00, 320.00),
(68, 2400.00, 1200.00, 600.00, 350.00),
(69, 2500.00, 1300.00, 650.00, 380.00),
(70, 2100.00, 1000.00, 520.00, 300.00),
(71, 2300.00, 1100.00, 550.00, 320.00),
(72, 2400.00, 1200.00, 600.00, 350.00),
(73, 2200.00, 1150.00, 570.00, 330.00),
(74, 2500.00, 1300.00, 640.00, 370.00),
(75, 2100.00, 1000.00, 510.00, 300.00),
(76, 2300.00, 1150.00, 580.00, 330.00),
(77, 2200.00, 1100.00, 550.00, 320.00),
(78, 2400.00, 1200.00, 600.00, 350.00),
(79, 2500.00, 1300.00, 650.00, 380.00),
(80, 2100.00, 1050.00, 520.00, 300.00),
(81, 2300.00, 1100.00, 550.00, 320.00),
(82, 2400.00, 1200.00, 590.00, 350.00),
(83, 2200.00, 1150.00, 570.00, 330.00),
(84, 2500.00, 1300.00, 640.00, 370.00),
(85, 2100.00, 1000.00, 510.00, 300.00),
(86, 2300.00, 1150.00, 580.00, 330.00),
(87, 2200.00, 1100.00, 550.00, 320.00),
(88, 2400.00, 1200.00, 600.00, 350.00),
(89, 2500.00, 1300.00, 650.00, 380.00),
(90, 2100.00, 1000.00, 520.00, 300.00),
(91, 2300.00, 1100.00, 550.00, 320.00),
(92, 2400.00, 1200.00, 600.00, 350.00),
(93, 2200.00, 1150.00, 570.00, 330.00),
(94, 2500.00, 1300.00, 640.00, 370.00),
(95, 2100.00, 1000.00, 510.00, 300.00),
(96, 2300.00, 1150.00, 580.00, 330.00),
(97, 2200.00, 1100.00, 550.00, 320.00),
(98, 2400.00, 1200.00, 600.00, 350.00),
(99, 2500.00, 1300.00, 650.00, 380.00),
(100, 2100.00, 1050.00, 520.00, 300.00);

WHILE @EmployeeCount <= 100
BEGIN
    DECLARE @EmployeeID INT = @EmployeeCount
    
    DECLARE @MonthStartDate DATE = '2024-01-01'
    DECLARE @MonthEndDate DATE = '2024-03-31'
    DECLARE @CurrentMonth DATE = @MonthStartDate

    WHILE @CurrentMonth <= @MonthEndDate
    BEGIN
        DECLARE @Basic DECIMAL(10, 2)
			SELECT @Basic = Salary
			FROM dbo.Employee_Salary
			WHERE Employee_Id = @EmployeeID

        DECLARE @HRA DECIMAL(10, 2)
        DECLARE @DA DECIMAL(10, 2)
        DECLARE @OtherAllowances DECIMAL(10, 2)
        DECLARE @PF DECIMAL(10, 2)

			SELECT @HRA = av.HRA, @DA = av.DA, @OtherAllowances = av.OtherAllowances, @PF = av.PF
			FROM @Allowance_Values av
			WHERE av.Employee_Id = @EmployeeID

        DECLARE @LOPAmount DECIMAL(5, 2)
			SELECT @LOPAmount = ISNULL(LOP, 0)
			FROM dbo.LOP_Details
			WHERE Employee_Id = @EmployeeID AND Month = @CurrentMonth;
		
        INSERT INTO dbo.Payroll (Employee_ID, MonthYear,[Basic], HRA, DA, OtherAllowances, TotalEarnings, PF, TotalSalary, LOPAmount, Deductions, NetSalary)
        VALUES (
            @EmployeeID, -- Employee_ID
            @CurrentMonth, 
            @Basic,
            @HRA,
            @DA,
            @OtherAllowances,
            @Basic + @HRA + @DA + @OtherAllowances, -- TotalEarnings
            @PF,
            @Basic + @HRA + @DA + @OtherAllowances - @PF, -- TotalSalary
            @LOPAmount, -- LOPAmount
            @PF + @LOPAmount, -- Deductions
            (@Basic + @HRA + @DA + @OtherAllowances) - (@PF + @LOPAmount) -- NetSalary
        )

        SET @CurrentMonth = DATEADD(MONTH, 1, @CurrentMonth);
    END

    SET @EmployeeCount = @EmployeeCount + 1
END
